{
	"$schema": "http://json-schema.org/draft-07/schema#",
	"title": "Nullable_Staker",
	"anyOf": [
		{
			"$ref": "#/definitions/Staker"
		},
		{
			"type": "null"
		}
	],
	"definitions": {
		"Binary": {
			"description": "Binary is a wrapper around Vec<u8> to add base64 de/serialization with serde. It also adds some helper methods to help encode inline.\n\nThis is only needed as serde-json-{core,wasm} has a horrible encoding for Vec<u8>. See also <https://github.com/CosmWasm/cosmwasm/blob/main/docs/MESSAGE_TYPES.md>.",
			"type": "string"
		},
		"Staker": {
			"description": "A data request executor with staking info and optional p2p multi address",
			"type": "object",
			"required": ["tokens_pending_withdrawal", "tokens_staked"],
			"properties": {
				"memo": {
					"anyOf": [
						{
							"$ref": "#/definitions/Binary"
						},
						{
							"type": "null"
						}
					]
				},
				"tokens_pending_withdrawal": {
					"$ref": "#/definitions/Uint128"
				},
				"tokens_staked": {
					"$ref": "#/definitions/Uint128"
				}
			},
			"additionalProperties": false
		},
		"Uint128": {
			"description": "A thin wrapper around u128 that is using strings for JSON encoding/decoding, such that the full u128 range can be used for clients that convert JSON numbers to floats, like JavaScript and jq.\n\n# Examples\n\nUse `from` to create instances of this and `u128` to get the value out:\n\n``` # use cosmwasm_std::Uint128; let a = Uint128::from(123u128); assert_eq!(a.u128(), 123);\n\nlet b = Uint128::from(42u64); assert_eq!(b.u128(), 42);\n\nlet c = Uint128::from(70u32); assert_eq!(c.u128(), 70); ```",
			"type": "string"
		}
	}
}
