{
	"$schema": "http://json-schema.org/draft-07/schema#",
	"title": "Map_of_RevealBody",
	"type": "object",
	"additionalProperties": false,
	"definitions": {
		"Binary": {
			"description": "Binary is a wrapper around Vec<u8> to add base64 de/serialization with serde. It also adds some helper methods to help encode inline.\n\nThis is only needed as serde-json-{core,wasm} has a horrible encoding for Vec<u8>. See also <https://github.com/CosmWasm/cosmwasm/blob/main/docs/MESSAGE_TYPES.md>.",
			"type": "string"
		},
		"RevealBody": {
			"description": "A revealed data request result that is hashed and signed by the executor",
			"type": "object",
			"required": ["exit_code", "gas_used", "id", "proxy_public_keys", "reveal", "salt"],
			"properties": {
				"exit_code": {
					"type": "integer",
					"format": "uint8",
					"minimum": 0.0
				},
				"gas_used": {
					"type": "integer",
					"format": "uint64",
					"minimum": 0.0
				},
				"id": {
					"type": "string"
				},
				"proxy_public_keys": {
					"type": "array",
					"items": {
						"type": "string"
					}
				},
				"reveal": {
					"$ref": "#/definitions/Binary"
				},
				"salt": {
					"type": "string"
				}
			},
			"additionalProperties": false
		}
	}
}
